n_samples,hvg_k,input_dim_image,input_dim_transcriptome,test_R@1_I2G,test_R@5_I2G,test_R@10_I2G,test_R@1_G2I,test_R@5_G2I,test_R@10_G2I
16179,100,100,100,0.18301501870155334,0.3535447120666504,0.4233265221118927,0.19259533286094666,0.34538599848747253,0.4097904562950134
