{
  "n_samples": 16179,
  "hvg_k": 100,
  "input_dim_image": 100,
  "input_dim_transcriptome": 100,
  "test_R@1_I2G": 0.18301501870155334,
  "test_R@5_I2G": 0.3535447120666504,
  "test_R@10_I2G": 0.4233265221118927,
  "test_R@1_G2I": 0.19259533286094666,
  "test_R@5_G2I": 0.34538599848747253,
  "test_R@10_G2I": 0.4097904562950134
}