panel,split,checkpoint,n_samples,hvg_k,input_dim_image,input_dim_transcriptome,i2g_R@1,i2g_R@5,i2g_R@10,g2i_R@1,g2i_R@5,g2i_R@10
human-immuno-oncology-panel,train,mlp_simclr_loss_func_spatial_reg_emb_pos_nosel_best_22.pth,5056,100,100,100,0.43987342715263367,0.6764240264892578,0.7015427350997925,0.4683544337749481,0.6625791192054749,0.6902689933776855
human-immuno-oncology-panel,train,mlp_simclr_loss_func_spatial_reg_emb_pos_nosel_best_22.pth,30016,100,100,100,0.15658316016197205,0.45399120450019836,0.5615338683128357,0.22927771508693695,0.4928038418292999,0.5585021376609802
