panel,split,checkpoint,n_samples,hvg_k,input_dim_image,input_dim_transcriptome,i2g_R@1,i2g_R@5,i2g_R@10,g2i_R@1,g2i_R@5,g2i_R@10
human-5k-panel,train,mclstexp_best_23.pth,30016,100,100,100,0.0,0.0001332622632617131,0.0004997334908694029,3.331556581542827e-05,0.00019989338761661202,0.00036647121305577457
human-5k-panel,train,mclstexp_best_23.pth,30016,100,100,100,0.0,0.00016657782543916255,0.0004331023374106735,0.0,0.0001332622632617131,0.00036647121305577457
