{
  "n_samples": 29808,
  "hvg_k": 100,
  "input_dim_image": 100,
  "input_dim_transcriptome": 100,
  "test_R@1_I2G": 0.12721416354179382,
  "test_R@5_I2G": 0.2332930713891983,
  "test_R@10_I2G": 0.2829441726207733,
  "test_R@1_G2I": 0.12869028747081757,
  "test_R@5_G2I": 0.23104535043239594,
  "test_R@10_G2I": 0.2827093303203583
}