n_samples,hvg_k,input_dim_image,input_dim_transcriptome,test_R@1_I2G,test_R@5_I2G,test_R@10_I2G,test_R@1_G2I,test_R@5_G2I,test_R@10_G2I
29808,100,100,100,0.12721416354179382,0.2332930713891983,0.2829441726207733,0.12869028747081757,0.23104535043239594,0.2827093303203583
