{
  "n_samples": 10364,
  "hvg_k": 100,
  "input_dim_image": 100,
  "input_dim_transcriptome": 100,
  "test_R@1_I2G": 0.2294480949640274,
  "test_R@5_I2G": 0.37948668003082275,
  "test_R@10_I2G": 0.43284446001052856,
  "test_R@1_G2I": 0.20204554498195648,
  "test_R@5_G2I": 0.33635661005973816,
  "test_R@10_G2I": 0.40206483006477356
}