n_samples,hvg_k,input_dim_image,input_dim_transcriptome,test_R@1_I2G,test_R@5_I2G,test_R@10_I2G,test_R@1_G2I,test_R@5_G2I,test_R@10_G2I
10364,100,100,100,0.22269393503665924,0.36568892002105713,0.420976459980011,0.19297568500041962,0.33018139004707336,0.39000385999679565
10364,100,100,100,0.2294480949640274,0.37948668003082275,0.43284446001052856,0.20204554498195648,0.33635661005973816,0.40206483006477356
