panel,split,checkpoint,n_samples,hvg_k,input_dim_image,input_dim_transcriptome,i2g_R@1,i2g_R@5,i2g_R@10,g2i_R@1,g2i_R@5,g2i_R@10
human-breast-panel,train,mclstexp_best_23.pth,128,100,100,100,0.0,0.03125,0.0625,0.0078125,0.0625,0.0859375
human-breast-panel,train,mclstexp_best_23.pth,30016,100,100,100,3.331556581542827e-05,0.0001332622632617131,0.0002665245265234262,3.331556581542827e-05,6.663113163085654e-05,0.00019989338761661202
human-breast-panel,train,mclstexp_best_23.pth,128,100,100,100,0.0,0.03125,0.0703125,0.0,0.0703125,0.078125
human-breast-panel,train,mclstexp_best_23.pth,30016,100,100,100,3.331556581542827e-05,0.00016657782543916255,0.00029984008870087564,3.331556581542827e-05,6.663113163085654e-05,0.00016657782543916255
