{
  "n_samples": 29808,
  "input_dim_image": 100,
  "input_dim_transcriptome": 100,
  "test_R@1_I2G": 6.709607987431809e-05,
  "test_R@5_I2G": 0.00026838431949727237,
  "test_R@10_I2G": 0.00043612453737296164,
  "test_R@1_G2I": 0.0,
  "test_R@5_G2I": 0.00023483629047404975,
  "test_R@10_G2I": 0.0004025764937978238
}