n_samples,input_dim_image,input_dim_transcriptome,test_R@1_I2G,test_R@5_I2G,test_R@10_I2G,test_R@1_G2I,test_R@5_G2I,test_R@10_G2I
29808,100,100,6.709607987431809e-05,0.00026838431949727237,0.00043612453737296164,0.0,0.00023483629047404975,0.0004025764937978238
