{
  "n_samples": 16179,
  "hvg_k": 100,
  "input_dim_image": 100,
  "input_dim_transcriptome": 100,
  "test_R@1_I2G": 6.180851778481156e-05,
  "test_R@5_I2G": 0.0002472340711392462,
  "test_R@10_I2G": 0.0005562766455113888,
  "test_R@1_G2I": 0.0001236170355696231,
  "test_R@5_G2I": 0.00043265960994176567,
  "test_R@10_G2I": 0.0007417022134177387
}