n_samples,hvg_k,input_dim_image,input_dim_transcriptome,i2g_R@1,i2g_R@5,i2g_R@10,g2i_R@1,g2i_R@5,g2i_R@10
16179,100,100,100,6.180851778481156e-05,0.0002472340711392462,0.0005562766455113888,0.0001236170355696231,0.00043265960994176567,0.0007417022134177387
16179,100,100,100,6.180851778481156e-05,0.0002472340711392462,0.0005562766455113888,0.0001236170355696231,0.00043265960994176567,0.0007417022134177387
16179,100,100,100,6.180851778481156e-05,0.0002472340711392462,0.0005562766455113888,0.0001236170355696231,0.00043265960994176567,0.0007417022134177387
