panel,split,checkpoint,n_samples,hvg_k,input_dim_image,input_dim_transcriptome,i2g_R@1,i2g_R@5,i2g_R@10,g2i_R@1,g2i_R@5,g2i_R@10
human-breast-panel,train,muse_best_13.pth,128,100,100,100,0.015625,0.0546875,0.09375,0.0078125,0.046875,0.1015625
human-breast-panel,train,muse_best_13.pth,30016,100,100,100,6.663113163085654e-05,0.00019989338761661202,0.00036647121305577457,3.331556581542827e-05,0.00016657782543916255,0.0004997334908694029
