{
  "n_samples": 11059,
  "hvg_k": 100,
  "input_dim_image": 100,
  "input_dim_transcriptome": 100,
  "test_R@1_I2G": 9.042408782988787e-05,
  "test_R@5_I2G": 0.0005425445269793272,
  "test_R@10_I2G": 0.0010850890539586544,
  "test_R@1_G2I": 0.0002712722634896636,
  "test_R@5_G2I": 0.0011755131417885423,
  "test_R@10_G2I": 0.0024414504878222942
}