n_samples,hvg_k,input_dim_image,input_dim_transcriptome,test_R@1_I2G,test_R@5_I2G,test_R@10_I2G,test_R@1_G2I,test_R@5_G2I,test_R@10_G2I
11059,100,100,100,9.042408782988787e-05,0.0005425445269793272,0.0010850890539586544,0.0002712722634896636,0.0011755131417885423,0.0024414504878222942
