n_samples,hvg_k,input_dim_image,input_dim_transcriptome,test_R@1_I2G,test_R@5_I2G,test_R@10_I2G,test_R@1_G2I,test_R@5_G2I,test_R@10_G2I
16179,100,100,100,6.180851778481156e-05,0.0002472340711392462,0.0005562766455113888,0.0001236170355696231,0.00043265960994176567,0.0007417022134177387
