{
  "n_samples": 16206,
  "hvg_k": 100,
  "input_dim_image": 100,
  "input_dim_transcriptome": 100,
  "test_R@1_I2G": 0.0,
  "test_R@5_I2G": 0.0004936443292535841,
  "test_R@10_I2G": 0.0008021720568649471,
  "test_R@1_G2I": 6.170554115669802e-05,
  "test_R@5_G2I": 0.0006787609308958054,
  "test_R@10_G2I": 0.001419227453880012
}