n_samples,hvg_k,input_dim_image,input_dim_transcriptome,i2g_R@1,i2g_R@5,i2g_R@10,g2i_R@1,g2i_R@5,g2i_R@10
16206,100,100,100,0.0,0.0004936443292535841,0.0008021720568649471,6.170554115669802e-05,0.0006787609308958054,0.001419227453880012
16206,100,100,100,0.0,0.0004936443292535841,0.0008021720568649471,6.170554115669802e-05,0.0006787609308958054,0.001419227453880012
16206,100,100,100,0.0,0.0004936443292535841,0.0008021720568649471,6.170554115669802e-05,0.0006787609308958054,0.001419227453880012
