panel,split,checkpoint,n_samples,hvg_k,input_dim_image,input_dim_transcriptome,i2g_R@1,i2g_R@5,i2g_R@10,g2i_R@1,g2i_R@5,g2i_R@10
human-5k-panel,train,mlp_simclr_loss_func_spatial_reg_emb_pos_nosel_best_22.pth,5056,100,100,100,0.543117105960846,0.8024129867553711,0.8126977682113647,0.5789161324501038,0.7915347814559937,0.8067642450332642
human-5k-panel,train,mlp_simclr_loss_func_spatial_reg_emb_pos_nosel_best_22.pth,320,100,100,100,0.7718750238418579,0.856249988079071,0.8812500238418579,0.765625,0.828125,0.8374999761581421
human-5k-panel,train,mlp_simclr_loss_func_spatial_reg_emb_pos_nosel_best_22.pth,5056,100,100,100,0.5369857549667358,0.8034018874168396,0.813093364238739,0.5739715099334717,0.7921281456947327,0.8049841523170471
human-multi-tissue-panel,train,mlp_simclr_loss_func_spatial_reg_emb_pos_nosel_best_22.pth,30016,100,100,100,0.159681499004364,0.4482942521572113,0.5394789576530457,0.173374205827713,0.4142124056816101,0.5085954070091248
