n_samples,hvg_k,input_dim_image,input_dim_transcriptome,i2g_R@1,i2g_R@5,i2g_R@10,g2i_R@1,g2i_R@5,g2i_R@10
16206,100,100,100,0.14581018686294556,0.2584227919578552,0.3094532787799835,0.1377267688512802,0.24682216346263885,0.3043934404850006
16206,100,100,100,0.14581018686294556,0.2584227919578552,0.3094532787799835,0.1377267688512802,0.24682216346263885,0.3043934404850006
16206,100,100,100,0.14581018686294556,0.2584227919578552,0.3094532787799835,0.1377267688512802,0.24682216346263885,0.3043934404850006
16206,100,100,100,0.1395779401063919,0.25107985734939575,0.3043317198753357,0.13007527589797974,0.23886215686798096,0.2984696924686432
