{
  "n_samples": 16206,
  "hvg_k": 100,
  "input_dim_image": 100,
  "input_dim_transcriptome": 100,
  "test_R@1_I2G": 0.1395779401063919,
  "test_R@5_I2G": 0.25107985734939575,
  "test_R@10_I2G": 0.3043317198753357,
  "test_R@1_G2I": 0.13007527589797974,
  "test_R@5_G2I": 0.23886215686798096,
  "test_R@10_G2I": 0.2984696924686432
}