n_samples,input_dim_image,input_dim_transcriptome,test_R@1_I2G,test_R@5_I2G,test_R@10_I2G,test_R@1_G2I,test_R@5_G2I,test_R@10_G2I
16179,100,100,0.0,0.00018542555335443467,0.0002472340711392462,6.180851778481156e-05,0.00037085110670886934,0.0008653192198835313
