{
  "n_samples": 16179,
  "input_dim_image": 100,
  "input_dim_transcriptome": 100,
  "test_R@1_I2G": 0.0,
  "test_R@5_I2G": 0.00018542555335443467,
  "test_R@10_I2G": 0.0002472340711392462,
  "test_R@1_G2I": 6.180851778481156e-05,
  "test_R@5_G2I": 0.00037085110670886934,
  "test_R@10_G2I": 0.0008653192198835313
}