{
  "n_samples": 29808,
  "hvg_k": 100,
  "input_dim_image": 100,
  "input_dim_transcriptome": 100,
  "test_R@1_I2G": 0.0,
  "test_R@5_I2G": 6.709607987431809e-05,
  "test_R@10_I2G": 0.00016774020332377404,
  "test_R@1_G2I": 3.3548039937159047e-05,
  "test_R@5_G2I": 0.00013419215974863619,
  "test_R@10_G2I": 0.0003354804066475481
}