n_samples,input_dim_image,input_dim_transcriptome,test_R@1_I2G,test_R@5_I2G,test_R@10_I2G,test_R@1_G2I,test_R@5_G2I,test_R@10_G2I
16206,100,100,0.0,0.0003085276985075325,0.0010489942505955696,6.170554115669802e-05,0.0003085276985075325,0.00037023326149210334
