{
  "n_samples": 16206,
  "input_dim_image": 100,
  "input_dim_transcriptome": 100,
  "test_R@1_I2G": 0.0,
  "test_R@5_I2G": 0.0003085276985075325,
  "test_R@10_I2G": 0.0010489942505955696,
  "test_R@1_G2I": 6.170554115669802e-05,
  "test_R@5_G2I": 0.0003085276985075325,
  "test_R@10_G2I": 0.00037023326149210334
}