panel,split,checkpoint,n_samples,hvg_k,input_dim_image,input_dim_transcriptome,i2g_R@1,i2g_R@5,i2g_R@10,g2i_R@1,g2i_R@5,g2i_R@10
human-breast-panel,train,mlp_simclr_loss_func_spatial_reg_emb_pos_nosel_best_22.pth,5056,100,100,100,0.24070411920547485,0.4244461953639984,0.48358386754989624,0.2652294337749481,0.4287974536418915,0.49980220198631287
human-breast-panel,train,mlp_simclr_loss_func_spatial_reg_emb_pos_nosel_best_22.pth,30016,100,100,100,0.08392190933227539,0.23097680509090424,0.30367138981819153,0.09671508520841599,0.24267058074474335,0.3050040006637573
