{
  "panel": "human-breast-panel",
  "split": "train",
  "checkpoint": "mlp_simclr_loss_func_spatial_reg_emb_pos_nosel_best_22.pth",
  "n_samples": 30016,
  "hvg_k": 100,
  "input_dim_image": 100,
  "input_dim_transcriptome": 100,
  "i2g_R@1": 0.08392190933227539,
  "i2g_R@5": 0.23097680509090424,
  "i2g_R@10": 0.30367138981819153,
  "g2i_R@1": 0.09671508520841599,
  "g2i_R@5": 0.24267058074474335,
  "g2i_R@10": 0.3050040006637573
}