n_samples,input_dim_image,input_dim_transcriptome,test_R@1_I2G,test_R@5_I2G,test_R@10_I2G,test_R@1_G2I,test_R@5_G2I,test_R@10_G2I
9087,100,100,0.00011004732368746772,0.0007703312439844012,0.0015406624879688025,0.00022009464737493545,0.0004401892947498709,0.0008803785894997418
