{
  "n_samples": 9087,
  "input_dim_image": 100,
  "input_dim_transcriptome": 100,
  "test_R@1_I2G": 0.00011004732368746772,
  "test_R@5_I2G": 0.0007703312439844012,
  "test_R@10_I2G": 0.0015406624879688025,
  "test_R@1_G2I": 0.00022009464737493545,
  "test_R@5_G2I": 0.0004401892947498709,
  "test_R@10_G2I": 0.0008803785894997418
}