n_samples,hvg_k,input_dim_image,input_dim_transcriptome,test_R@1_I2G,test_R@5_I2G,test_R@10_I2G,test_R@1_G2I,test_R@5_G2I,test_R@10_G2I
9087,100,100,100,0.2006162703037262,0.37900295853614807,0.4442610442638397,0.2388026863336563,0.3807637393474579,0.4323759078979492
9087,100,100,100,0.2152525633573532,0.38395509123802185,0.44602179527282715,0.2480466663837433,0.39319908618927,0.4438208341598511
