{
  "n_samples": 9087,
  "hvg_k": 100,
  "input_dim_image": 100,
  "input_dim_transcriptome": 100,
  "test_R@1_I2G": 0.2152525633573532,
  "test_R@5_I2G": 0.38395509123802185,
  "test_R@10_I2G": 0.44602179527282715,
  "test_R@1_G2I": 0.2480466663837433,
  "test_R@5_G2I": 0.39319908618927,
  "test_R@10_G2I": 0.4438208341598511
}