n_samples,hvg_k,input_dim_image,input_dim_transcriptome,test_R@1_I2G,test_R@5_I2G,test_R@10_I2G,test_R@1_G2I,test_R@5_G2I,test_R@10_G2I
11059,100,100,100,0.00018084817565977573,0.0005425445269793272,0.0009042408782988787,9.042408782988787e-05,0.00036169635131955147,0.0006329686148092151
11059,100,100,100,0.0,0.00036169635131955147,0.0011755131417885423,0.0,0.0005425445269793272,0.0011755131417885423
