{
  "n_samples": 11059,
  "hvg_k": 100,
  "input_dim_image": 100,
  "input_dim_transcriptome": 100,
  "test_R@1_I2G": 0.0,
  "test_R@5_I2G": 0.00036169635131955147,
  "test_R@10_I2G": 0.0011755131417885423,
  "test_R@1_G2I": 0.0,
  "test_R@5_G2I": 0.0005425445269793272,
  "test_R@10_G2I": 0.0011755131417885423
}