{
  "n_samples": 11059,
  "hvg_k": 100,
  "input_dim_image": 100,
  "input_dim_transcriptome": 100,
  "test_R@1_I2G": 0.12559905648231506,
  "test_R@5_I2G": 0.23175694048404694,
  "test_R@10_I2G": 0.28112849593162537,
  "test_R@1_G2I": 0.11492902040481567,
  "test_R@5_G2I": 0.23058143258094788,
  "test_R@10_G2I": 0.285288006067276
}