n_samples,hvg_k,input_dim_image,input_dim_transcriptome,test_R@1_I2G,test_R@5_I2G,test_R@10_I2G,test_R@1_G2I,test_R@5_G2I,test_R@10_G2I
11059,100,100,100,0.12026403844356537,0.22533683478832245,0.2684691250324249,0.11321096122264862,0.2145763635635376,0.2663893699645996
11059,100,100,100,0.12559905648231506,0.23175694048404694,0.28112849593162537,0.11492902040481567,0.23058143258094788,0.285288006067276
