n_samples,hvg_k,input_dim_image,input_dim_transcriptome,test_R@1_I2G,test_R@5_I2G,test_R@10_I2G,test_R@1_G2I,test_R@5_G2I,test_R@10_G2I
10364,100,100,100,9.648784180171788e-05,0.0006754149217158556,0.0011578541016206145,0.0,0.0003859513672068715,0.0008683906053192914
10364,100,100,100,0.0,0.0005789270508103073,0.0011578541016206145,0.00019297568360343575,0.0005789270508103073,0.001061366288922727
