{
  "n_samples": 10364,
  "hvg_k": 100,
  "input_dim_image": 100,
  "input_dim_transcriptome": 100,
  "test_R@1_I2G": 0.0,
  "test_R@5_I2G": 0.0005789270508103073,
  "test_R@10_I2G": 0.0011578541016206145,
  "test_R@1_G2I": 0.00019297568360343575,
  "test_R@5_G2I": 0.0005789270508103073,
  "test_R@10_G2I": 0.001061366288922727
}