n_samples,hvg_k,input_dim_image,input_dim_transcriptome,test_R@1_I2G,test_R@5_I2G,test_R@10_I2G,test_R@1_G2I,test_R@5_G2I,test_R@10_G2I
29808,100,100,100,6.709607987431809e-05,0.00026838431949727237,0.0004696725809480995,6.709607987431809e-05,0.0003354804066475481,0.0005032205954194069
