{
  "n_samples": 29808,
  "hvg_k": 100,
  "input_dim_image": 100,
  "input_dim_transcriptome": 100,
  "test_R@1_I2G": 6.709607987431809e-05,
  "test_R@5_I2G": 0.00026838431949727237,
  "test_R@10_I2G": 0.0004696725809480995,
  "test_R@1_G2I": 6.709607987431809e-05,
  "test_R@5_G2I": 0.0003354804066475481,
  "test_R@10_G2I": 0.0005032205954194069
}