n_samples,input_dim_image,input_dim_transcriptome,test_R@1_I2G,test_R@5_I2G,test_R@10_I2G,test_R@1_G2I,test_R@5_G2I,test_R@10_G2I
11059,100,100,0.00018084817565977573,0.0005425445269793272,0.0009042408782988787,0.00018084817565977573,0.0007233927026391029,0.0015372094931080937
