{
  "n_samples": 11059,
  "input_dim_image": 100,
  "input_dim_transcriptome": 100,
  "test_R@1_I2G": 0.00018084817565977573,
  "test_R@5_I2G": 0.0005425445269793272,
  "test_R@10_I2G": 0.0009042408782988787,
  "test_R@1_G2I": 0.00018084817565977573,
  "test_R@5_G2I": 0.0007233927026391029,
  "test_R@10_G2I": 0.0015372094931080937
}