{
  "n_samples": 16179,
  "hvg_k": 100,
  "input_dim_image": 100,
  "input_dim_transcriptome": 100,
  "test_R@1_I2G": 0.00018542555335443467,
  "test_R@5_I2G": 0.0005562766455113888,
  "test_R@10_I2G": 0.0008653192198835313,
  "test_R@1_G2I": 0.0001236170355696231,
  "test_R@5_G2I": 0.0004944681422784925,
  "test_R@10_G2I": 0.0010507447877898812
}