n_samples,hvg_k,input_dim_image,input_dim_transcriptome,i2g_R@1,i2g_R@5,i2g_R@10,g2i_R@1,g2i_R@5,g2i_R@10
16179,100,100,100,0.0,0.0001236170355696231,0.00030904257437214255,6.180851778481156e-05,6.180851778481156e-05,6.180851778481156e-05
16179,100,100,100,0.00018542555335443467,0.0005562766455113888,0.0008653192198835313,0.0001236170355696231,0.0004944681422784925,0.0010507447877898812
