n_samples,hvg_k,input_dim_image,input_dim_transcriptome,test_R@1_I2G,test_R@5_I2G,test_R@10_I2G,test_R@1_G2I,test_R@5_G2I,test_R@10_G2I
9087,100,100,100,0.00022009464737493545,0.0009904259350150824,0.0014306152006611228,0.00022009464737493545,0.0009904259350150824,0.0014306152006611228
9087,100,100,100,0.0,0.00022009464737493545,0.0008803785894997418,0.00011004732368746772,0.000550236611161381,0.0012105205096304417
