{
  "n_samples": 9087,
  "hvg_k": 100,
  "input_dim_image": 100,
  "input_dim_transcriptome": 100,
  "test_R@1_I2G": 0.0,
  "test_R@5_I2G": 0.00022009464737493545,
  "test_R@10_I2G": 0.0008803785894997418,
  "test_R@1_G2I": 0.00011004732368746772,
  "test_R@5_G2I": 0.000550236611161381,
  "test_R@10_G2I": 0.0012105205096304417
}