{
  "n_samples": 10364,
  "input_dim_image": 100,
  "input_dim_transcriptome": 100,
  "test_R@1_I2G": 0.00019297568360343575,
  "test_R@5_I2G": 0.0008683906053192914,
  "test_R@10_I2G": 0.0014473176561295986,
  "test_R@1_G2I": 9.648784180171788e-05,
  "test_R@5_G2I": 0.00028946352540515363,
  "test_R@10_G2I": 0.0008683906053192914
}