n_samples,input_dim_image,input_dim_transcriptome,test_R@1_I2G,test_R@5_I2G,test_R@10_I2G,test_R@1_G2I,test_R@5_G2I,test_R@10_G2I
10364,100,100,0.00019297568360343575,0.0008683906053192914,0.0014473176561295986,9.648784180171788e-05,0.00028946352540515363,0.0008683906053192914
