n_samples,hvg_k,input_dim_image,input_dim_transcriptome,test_R@1_I2G,test_R@5_I2G,test_R@10_I2G,test_R@1_G2I,test_R@5_G2I,test_R@10_G2I
10364,100,100,100,0.0,0.0003859513672068715,0.0008683906053192914,9.648784180171788e-05,0.00028946352540515363,0.0003859513672068715
