{
  "panel": "human-colon-panel",
  "split": "train",
  "checkpoint": "mlp_simclr_loss_func_spatial_reg_emb_pos_nosel_best_22.pth",
  "n_samples": 30016,
  "hvg_k": 100,
  "input_dim_image": 100,
  "input_dim_transcriptome": 100,
  "i2g_R@1": 0.10860874503850937,
  "i2g_R@5": 0.35367804765701294,
  "i2g_R@10": 0.46082088351249695,
  "g2i_R@1": 0.15881529450416565,
  "g2i_R@5": 0.37606608867645264,
  "g2i_R@10": 0.4617537260055542
}