n_samples,hvg_k,input_dim_image,input_dim_transcriptome,i2g_R@1,i2g_R@5,i2g_R@10,g2i_R@1,g2i_R@5,g2i_R@10
16206,100,100,100,0.0,0.00037023326149210334,0.0004936443292535841,0.00012341108231339604,0.0003085276985075325,0.000617055397015065
16206,100,100,100,0.0,0.00037023326149210334,0.0004936443292535841,0.00012341108231339604,0.0003085276985075325,0.000617055397015065
16206,100,100,100,0.0,0.0,0.000617055397015065,0.0,0.00012341108231339604,0.00018511663074605167
