{
  "n_samples": 16206,
  "hvg_k": 100,
  "input_dim_image": 100,
  "input_dim_transcriptome": 100,
  "test_R@1_I2G": 0.0,
  "test_R@5_I2G": 0.0,
  "test_R@10_I2G": 0.000617055397015065,
  "test_R@1_G2I": 0.0,
  "test_R@5_G2I": 0.00012341108231339604,
  "test_R@10_G2I": 0.00018511663074605167
}